# MySQL 查询
## select

```
SELECT
    [ALL | DISTINCT | DISTINCTROW ]
      [HIGH_PRIORITY]
      [STRAIGHT_JOIN]
      [SQL_SMALL_RESULT] [SQL_BIG_RESULT] [SQL_BUFFER_RESULT]
      [SQL_CACHE | SQL_NO_CACHE] [SQL_CALC_FOUND_ROWS]
    select_expr [, select_expr ...]
    [FROM table_references
      [PARTITION partition_list]
    [WHERE where_condition]
    [GROUP BY {col_name | expr | position}
      [ASC | DESC], ... [WITH ROLLUP]]
    [HAVING where_condition]
    [ORDER BY {col_name | expr | position}
      [ASC | DESC], ...]
    [LIMIT {[offset,] row_count | row_count OFFSET offset}]
    [PROCEDURE procedure_name(argument_list)]
    [INTO OUTFILE 'file_name'
        [CHARACTER SET charset_name]
        export_options
      | INTO DUMPFILE 'file_name'
      | INTO var_name [, var_name]]
    [FOR UPDATE | LOCK IN SHARE MODE]]

```

## group by
### tmp\_table_size
```
mysql> show variables like '%tmp_table_size%';
+----------------+----------+
| Variable_name  | Value    |
+----------------+----------+
| tmp_table_size | 16777216 |
+----------------+----------+
1 row in set (0.01 sec)


mysql> select 16777216/1024/1024;
+--------------------+
| 16777216/1024/1024 |
+--------------------+
|        16.00000000 |
+--------------------+
1 row in set (0.01 sec)

```

如果数据量比较大，group by的时候会比较耗时。可以通过增大tmp\_table_size来优化。

#### tmp\_table_size默认大小为16M

```
mysql> show status like '%tmp%';
+-------------------------+-------+
| Variable_name           | Value |
+-------------------------+-------+
| Created_tmp_disk_tables | 0     |--------磁盘上创建临时表 则该值增加
| Created_tmp_files       | 5     |--------MySQL服务创建的临时文件文件数
| Created_tmp_tables      | 4     |--------每次创建临时表，该值会增加
+-------------------------+-------+
3 rows in set (0.00 sec)

```
### 5.7版本中 group by语句中 select 只能是分组的字段和聚合函数，否则会报错。
```
mysql> create table a (userid int,price decimal,date datetime);
Query OK, 0 rows affected (0.05 sec)

mysql> insert into a values (1,100,'2017-01-02');
Query OK, 1 row affected (0.01 sec)

mysql> insert into a values (2,50,'2017-02-02');
Query OK, 1 row affected (0.00 sec)

mysql> insert into a values (2,150,'2017-02-03');
Query OK, 1 row affected (0.00 sec)

mysql> insert into a values (3,50,'2017-02-01');
Query OK, 1 row affected (0.00 sec)

mysql> insert into a values (3,150,'2017-01-01');
Query OK, 1 row affected (0.00 sec)
mysql>
mysql>
mysql> select userid,sum(price) from a group by userid;
+--------+------------+
| userid | sum(price) |
+--------+------------+
|      1 |        100 |
|      2 |        200 |
|      3 |        200 |
+--------+------------+
3 rows in set (0.01 sec)

//group by语句中 select 只能是分组的字段和聚合函数。
mysql> select userid,sum(price),date from a group by userid;
ERROR 1055 (42000): Expression #3 of SELECT list is not in GROUP BY clause and contains nonaggregated column 'test.a.date' which is not functionally dependent on columns in GROUP BY clause; this is incompatible with sql_mode=only_full_group_by

```

### 5.6版本中 group by语句中 select 后如果出现了不是分组字段和聚合函数，不会报错，而是会随机出来一个该字段的数据。
```

mysql> select version();
+-----------+
| version() |
+-----------+
| 5.6.38    |
+-----------+
1 row in set (0.01 sec)

mysql> use test;
Database changed
mysql> create table a (userid int,price decimal,date datetime);
Query OK, 0 rows affected (0.07 sec)

mysql> insert into a values (1,100,'2017-01-02');
Query OK, 1 row affected (0.00 sec)

mysql> insert into a values (2,50,'2017-02-02');
Query OK, 1 row affected (0.00 sec)

mysql> insert into a values (2,150,'2017-02-03');
Query OK, 1 row affected (0.00 sec)

mysql> insert into a values (3,50,'2017-02-01');
Query OK, 1 row affected (0.00 sec)

mysql> insert into a values (3,150,'2017-01-01');
Query OK, 1 row affected (0.00 sec)

mysql> select userid,sum(price),date from a group by userid;
+--------+------------+---------------------+
| userid | sum(price) | date                |
+--------+------------+---------------------+
|      1 |        100 | 2017-01-02 00:00:00 |
|      2 |        200 | 2017-02-02 00:00:00 |
|      3 |        200 | 2017-02-01 00:00:00 |
+--------+------------+---------------------+
3 rows in set (0.01 sec)
```

##### group_concat 用法


```
//取出不是utf8mb4字符集的表以及字段
mysql> select concat(table_schema,'.',table_name) as name, group_concat(column_name),character_set_name from information_schema.columns where data_type in ('char','varchar','longtext','text','mediumtext') and character_set_name <> 'utf8mb4' and table_schema not in ('mysql','performance_schema','information_schema','sys') group by name, character_set_name;
+----------------------------+---------------------------+--------------------+
| name                       | group_concat(column_name) | character_set_name |
+----------------------------+---------------------------+--------------------+
| employees.current_dept_emp | dept_no                   | utf8               |
| employees.departments      | dept_no,dept_name         | utf8               |
| employees.dept_emp         | dept_no                   | utf8               |
| employees.dept_manager     | dept_no                   | utf8               |
| employees.employees        | first_name,last_name      | utf8               |
| employees.titles           | title                     | utf8               |
| test.t                     | a                         | utf8               |
| test.z                     | a,b                       | utf8               |
+----------------------------+---------------------------+--------------------+

```

#### sql_model
```
//8.0 
mysql> select version();
+--------------+
| version()    |
+--------------+
| 8.0.3-rc-log |
+--------------+
1 row in set (0.00 sec)

mysql> show variables like 'sql_mode';
+---------------+-------------------------------------------------------------------------------------------------------------------------------------------+
| Variable_name | Value                                                                                                                                     |
+---------------+-------------------------------------------------------------------------------------------------------------------------------------------+
| sql_mode      | ONLY_FULL_GROUP_BY,STRICT_TRANS_TABLES,NO_ZERO_IN_DATE,NO_ZERO_DATE,ERROR_FOR_DIVISION_BY_ZERO,NO_AUTO_CREATE_USER,NO_ENGINE_SUBSTITUTION |
+---------------+-------------------------------------------------------------------------------------------------------------------------------------------+
1 row in set (0.02 sec)



mysql> select version();
+------------+
| version()  |
+------------+
| 5.7.20-log |
+------------+
1 row in set (0.15 sec)
mysql> show variables like 'sql_mode%';
+---------------+-------------------------------------------------------------------------------------------------------------------------------------------+
| Variable_name | Value                                                                                                                                     |
+---------------+-------------------------------------------------------------------------------------------------------------------------------------------+
| sql_mode      | ONLY_FULL_GROUP_BY,STRICT_TRANS_TABLES,NO_ZERO_IN_DATE,NO_ZERO_DATE,ERROR_FOR_DIVISION_BY_ZERO,NO_AUTO_CREATE_USER,NO_ENGINE_SUBSTITUTION |
+---------------+-------------------------------------------------------------------------------------------------------------------------------------------+




// 5.6 
mysql> select version();
+-----------+
| version() |
+-----------+
| 5.6.38    |
+-----------+
1 row in set (0.00 sec)

mysql> show variables like 'sql_mode%';
+---------------+--------------------------------------------+
| Variable_name | Value                                      |
+---------------+--------------------------------------------+
| sql_mode      | STRICT_TRANS_TABLES,NO_ENGINE_SUBSTITUTION |
+---------------+--------------------------------------------+
1 row in set (0.00 sec)

//如果将5.7的sql_mode修改到5.6版本里 同样也会报错。
mysql> set session sql_mode = 'ONLY_FULL_GROUP_BY,STRICT_TRANS_TABLES,NO_ZERO_IN_DATE,NO_ZERO_DATE,ERROR_FOR_DIVISION_BY_ZERO,NO_AUTO_CREATE_USER,NO_ENGINE_SUBSTITUTION';
Query OK, 0 rows affected, 3 warnings (0.01 sec)

mysql> show warnings;
+---------+------+-------------------------------------------------------------------------------------+
| Level   | Code | Message                                                                             |
+---------+------+-------------------------------------------------------------------------------------+
| Warning | 1681 | 'ERROR_FOR_DIVISION_BY_ZERO' is deprecated and will be removed in a future release. |
| Warning | 1681 | 'NO_ZERO_DATE' is deprecated and will be removed in a future release.               |
| Warning | 1681 | 'NO_ZERO_IN_DATE' is deprecated and will be removed in a future release.            |
+---------+------+-------------------------------------------------------------------------------------+
3 rows in set (0.00 sec)

mysql> select userid,sum(price),date from a group by userid;
ERROR 1055 (42000): 'test.a.date' isn't in GROUP BY


//5.5 中 sql_mode = '';

```

## count
```
mysql> create table t (a int(1));
Query OK, 0 rows affected (0.09 sec)


mysql> insert into t values (1);
Query OK, 1 row affected (0.01 sec)

mysql> insert into t values (2);
Query OK, 1 row affected (0.00 sec)

mysql> insert into t values (null);
Query OK, 1 row affected (0.00 sec)


mysql> select * from t;
+------+
| a    |
+------+
|    1 |
|    2 |
| NULL |
+------+
3 rows in set (0.00 sec)


//select count(*) 和 count(1) count(101)是一样的。
//selct count(字段) 标示 字段不等于NULL的记录数

mysql> select count(*),count(1),count(a),count(100) from t\G
*************************** 1. row ***************************
  count(*): 3
  count(1): 3   -----select 1 from t;  表里的记录数
  count(a): 2   ------ 取 列a不等于NULL值的记录数
count(100): 3   ----- select 100 from t;
1 row in set (0.00 sec)

```

### having
having 对group by之后的聚合结果进行过滤。having 必须是select后列列巨额的字段。


