# MySQL子查询
## 子查询的使用
### ANY
对于在子查询返回的列中任一数值，如果比较结果为true的话 则返回为true
### ALL
### EXISTS
```
mysql> use employees ;
//相关子查询  和外部表进行关联
mysql> select * from employees e where exists (select * from dept_emp de where dept_no = 'd005' and e.emp_no =de.emp_no );

```
### IN
#### 独立子查询
```

mysql> select * from a where userid in (1,2);
+--------+-------+---------------------+
| userid | price | date                |
+--------+-------+---------------------+
|      1 |   100 | 2017-01-02 00:00:00 |
|      2 |    50 | 2017-02-02 00:00:00 |
|      2 |   150 | 2017-02-03 00:00:00 |
|      2 |    50 | 2016-08-01 00:00:00 |
|      1 |    50 | 2016-08-01 00:00:00 |
|      1 |   250 | 2016-08-01 00:00:00 |
|      1 |   250 | 2016-08-02 00:00:00 |
|      1 |    50 | 2016-08-01 00:00:00 |
+--------+-------+---------------------+
8 rows in set (0.00 sec)

mysql> select * from a where userid = 1 or userid = 2;
+--------+-------+---------------------+
| userid | price | date                |
+--------+-------+---------------------+
|      1 |   100 | 2017-01-02 00:00:00 |
|      2 |    50 | 2017-02-02 00:00:00 |
|      2 |   150 | 2017-02-03 00:00:00 |
|      2 |    50 | 2016-08-01 00:00:00 |
|      1 |    50 | 2016-08-01 00:00:00 |
|      1 |   250 | 2016-08-01 00:00:00 |
|      1 |   250 | 2016-08-02 00:00:00 |
|      1 |    50 | 2016-08-01 00:00:00 |
+--------+-------+---------------------+
8 rows in set (0.04 sec)

mysql> select * from a where userid = 1 union select * from a where userid = 2;
+--------+-------+---------------------+
| userid | price | date                |
+--------+-------+---------------------+
|      1 |   100 | 2017-01-02 00:00:00 |
|      1 |    50 | 2016-08-01 00:00:00 |
|      1 |   250 | 2016-08-01 00:00:00 |
|      1 |   250 | 2016-08-02 00:00:00 |
|      2 |    50 | 2017-02-02 00:00:00 |
|      2 |   150 | 2017-02-03 00:00:00 |
|      2 |    50 | 2016-08-01 00:00:00 |
+--------+-------+---------------------+
7 rows in set (0.00 sec)

```
#### 相关子查询-引用了外部查询列的子查询

#### in 和 exists 写法的区别
```

mysql> create table a (x int(1));
Query OK, 0 rows affected (0.04 sec)

mysql> insert into a values (1);
Query OK, 1 row affected (0.01 sec)

mysql> insert into a values (2);
Query OK, 1 row affected (0.00 sec)

mysql> insert into a values (3);
Query OK, 1 row affected (0.00 sec)

mysql> insert into a values (4);
Query OK, 1 row affected (0.00 sec)

mysql> insert into a values (5);
Query OK, 1 row affected (0.00 sec)

mysql> create table b (y int(1));
Query OK, 0 rows affected (0.03 sec)

mysql> insert into b values (1);
Query OK, 1 row affected (0.00 sec)

mysql> insert into b values (2);
Query OK, 1 row affected (0.00 sec)

//in 
mysql> select * from a where x in (select y from b );
+------+
| x    |
+------+
|    1 |
|    2 |
+------+
2 rows in set (0.00 sec)

//exists
mysql> select * from a where exists (select * from b where a.x = b.y);
+------+
| x    |
+------+
|    1 |
|    2 |
+------+
2 rows in set (0.00 sec)

mysql>
```


### limit 优化
```
select * from t order by birth_date limit 0,30;

//这种效率就很低下了。
select * from t order by birth_date limit 3000000,30;

那这种怎么优化呢？

1. where 条件 使用id  
select * from t where id > xxx order by birth_date limit 0,30;

2. 加联合索引 
alter table t
add index idx_birth_id (birth_date,emp_id);

select * from t order by birth_date, emp_id limit 30;

select * from t where (birth_date, emp_id) > (xxx,xx) order by birth_date, emp_id limit 30;

```
1. 取1000条或者更多数据，前端进行分页
2. 找到一个唯一索引，通过排序列和唯一索引进行分页
