# MySQL Prepare SQL
文档：https://dev.mysql.com/doc/refman/5.7/en/sql-syntax-prepared-statements.html

## 特性
1. Less overhead for parsing the statement each time it is executed. 更少的资源消耗
2. Protection against SQL injection attacks.  防范SQL注入
3. dynamic search condition 动态搜索条件

```
// 使用prepare 基本语法展示
mysql> set @s = 'select * from employees where emp_no = ?';
Query OK, 0 rows affected (0.01 sec)

mysql> set @a = 100080;
Query OK, 0 rows affected (0.00 sec)

mysql> prepare stmt from @s;
Query OK, 0 rows affected (0.01 sec)
Statement prepared

mysql> execute stmt using @a;
+--------+------------+------------+-----------+--------+------------+
| emp_no | birth_date | first_name | last_name | gender | hire_date  |
+--------+------------+------------+-----------+--------+------------+
| 100080 | 1953-04-19 | Rafael     | Bonifati  | F      | 1989-04-29 |
+--------+------------+------------+-----------+--------+------------+
1 row in set (0.01 sec)

mysql> deallocate prepare stmt;
Query OK, 0 rows affected (0.00 sec)

```

### 什么叫SQL注入？如何防范？
```
//注入了 100080 or 1=1 导致所有的数据都被列出来。
mysql> select * from employees where emp_no = 100080 or 1=1;

mysql> set @s = 'select * from employees where emp_no = ?';
Query OK, 0 rows affected (0.05 sec)

//传入这个参数
mysql> set @a = '100080 or 1 = 1';
Query OK, 0 rows affected (0.00 sec)

mysql> prepare stmt from @s;
Query OK, 0 rows affected (0.01 sec)
Statement prepared

//数据库会做隐式转换的工作，将@a 转换成 数字类型（根据emp_no的类型）
mysql> execute stmt using @a;
+--------+------------+------------+-----------+--------+------------+
| emp_no | birth_date | first_name | last_name | gender | hire_date  |
+--------+------------+------------+-----------+--------+------------+
| 100080 | 1953-04-19 | Rafael     | Bonifati  | F      | 1989-04-29 |
+--------+------------+------------+-----------+--------+------------+
1 row in set (0.00 sec)

```

## 动态查询
根据不同的查询条件来拼接动态SQL语句.

```
mysql> set @s = 'select * from employees where 1 = 1';
Query OK, 0 rows affected (0.00 sec)

mysql> set @s = concat(@s,' and gender = "m"');
Query OK, 0 rows affected (0.00 sec)

mysql> set @s = concat(@s,' and birth_date >= "1960-01-01"');
Query OK, 0 rows affected (0.00 sec)

mysql> set @s = concat(@s,' order by emp_no limit ?,?');
Query OK, 0 rows affected (0.00 sec)

mysql> set @a = 0;
Query OK, 0 rows affected (0.00 sec)

mysql> set @b = 10;
Query OK, 0 rows affected (0.00 sec)

mysql> prepare stmt from @s;
Query OK, 0 rows affected (0.00 sec)
Statement prepared

mysql> execute stmt using @a,@b;
+--------+------------+------------+-------------+--------+------------+
| emp_no | birth_date | first_name | last_name   | gender | hire_date  |
+--------+------------+------------+-------------+--------+------------+
|  10012 | 1960-10-04 | Patricio   | Bridgland   | M      | 1992-12-18 |
|  10013 | 1963-06-07 | Eberhardt  | Terkki      | M      | 1985-10-20 |
|  10016 | 1961-05-02 | Kazuhito   | Cappelletti | M      | 1995-01-27 |
|  10021 | 1960-02-20 | Ramzi      | Erde        | M      | 1988-02-10 |
|  10028 | 1963-11-26 | Domenick   | Tempesti    | M      | 1991-10-22 |
|  10034 | 1962-12-29 | Bader      | Swan        | M      | 1988-09-21 |
|  10037 | 1963-07-22 | Pradeep    | Makrucki    | M      | 1990-12-05 |
|  10038 | 1960-07-20 | Huan       | Lortz       | M      | 1989-09-20 |
|  10043 | 1960-09-19 | Yishay     | Tzvieli     | M      | 1990-10-20 |
|  10046 | 1960-07-23 | Lucien     | Rosenbaum   | M      | 1992-06-20 |
+--------+------------+------------+-------------+--------+------------+
10 rows in set (0.00 sec)

```
