# MySQL DML

### 数据操作语言（Data Manipulation Language）

## insert

```
有个特殊的东西，很有意思

mysql> select 3 from dual;
+---+
| 3 |
+---+
| 3 |
+---+
1 row in set (0.00 sec)

mysql> select 4 from dual;
+---+
| 4 |
+---+
| 4 |
+---+



mysql> create table x (a int(1),b int(2));
Query OK, 0 rows affected (0.12 sec)
mysql> insert into x values (1,2);
Query OK, 1 row affected (0.02 sec)
//语法1
mysql> insert into x values (1,2),(2,3),(3,4);
Query OK, 3 rows affected (0.00 sec)
Records: 3  Duplicates: 0  Warnings: 0
//语法2：insert into x set 语法
mysql> insert into x set a = 5,b=5;
Query OK, 1 row affected (0.00 sec)

mysql> select * from x;
+------+------+
| a    | b    |
+------+------+
|    1 |    2 |
|    1 |    2 |
|    2 |    3 |
|    3 |    4 |
|    5 |    5 |
+------+------+
5 rows in set (0.00 sec)

mysql>
mysql> create table y (a int(1),b int(2));
Query OK, 0 rows affected (0.03 sec)
//语法3： insert into xx select xx from xxx;
mysql> insert into y select * from x;
Query OK, 5 rows affected (0.01 sec)
Records: 5  Duplicates: 0  Warnings: 0

mysql> select * from y;
+------+------+
| a    | b    |
+------+------+
|    1 |    2 |
|    1 |    2 |
|    2 |    3 |
|    3 |    4 |
|    5 |    5 |
+------+------+
5 rows in set (0.00 sec)
```

## insert into xx values \(\) on duplicate key update

    mysql> create table a (a int primary key);
    Query OK, 0 rows affected (0.35 sec)

    mysql>
    mysql>
    mysql> show create table a;
    +-------+--------------------------------------------------------------------------------------------------------+
    | Table | Create Table                                                                                           |
    +-------+--------------------------------------------------------------------------------------------------------+
    | a     | CREATE TABLE `a` (
      `a` int(11) NOT NULL,
      PRIMARY KEY (`a`)
    ) ENGINE=InnoDB DEFAULT CHARSET=utf8mb4 |
    +-------+--------------------------------------------------------------------------------------------------------+
    1 row in set (0.05 sec)

    mysql>
    mysql>
    mysql> insert into a values (1);
    Query OK, 1 row affected (0.02 sec)

    mysql> insert into a values (2);
    Query OK, 1 row affected (0.01 sec)

    mysql> insert into a values (2) on duplicate key update a = a +1;
    Query OK, 2 rows affected (0.03 sec)

## replace

replace 的语法和 insert 一样。导数据的时候，将insert 换成replace 则会实现冪等

    mysql> select * from a;
    +---+
    | a |
    +---+
    | 1 |
    | 2 |
    | 3 |
    | 5 |
    | 6 |
    +---+
    5 rows in set (0.00 sec)

    mysql> replace into a values (2);
    Query OK, 1 row affected (0.01 sec)






    mysql> create table t (a int primary key , b int not null default 1,unique key idx_b(b));
    Query OK, 0 rows affected (0.06 sec)

    mysql> show create table t;
    +-------+------------------------------------------------------------------------------------------------------------------------------------------------------------------------+
    | Table | Create Table                                                                                                                                                           |
    +-------+------------------------------------------------------------------------------------------------------------------------------------------------------------------------+
    | t     | CREATE TABLE `t` (
      `a` int(11) NOT NULL,
      `b` int(11) NOT NULL DEFAULT '1',
      PRIMARY KEY (`a`),
      UNIQUE KEY `idx_b` (`b`)
    ) ENGINE=InnoDB DEFAULT CHARSET=utf8mb4 |
    +-------+------------------------------------------------------------------------------------------------------------------------------------------------------------------------+
    1 row in set (0.00 sec)

    mysql> insert into t values (1,3),(2,2),(3,1);
    Query OK, 3 rows affected (0.01 sec)
    Records: 3  Duplicates: 0  Warnings: 0

    mysql> select * from t;
    +---+---+
    | a | b |
    +---+---+
    | 3 | 1 |
    | 2 | 2 |
    | 1 | 3 |
    +---+---+
    3 rows in set (0.01 sec)

    mysql> begin;replace into t values (2,3);
    Query OK, 0 rows affected (0.01 sec)

    Query OK, 3 rows affected (0.00 sec)---------影响三行

    // 将 a=2的删除 将 b=3 的删除 然后 插入 (2,3)replace 做的是delete的操作。先插入2 发现有重复 然后将2 删除。继续插入3 发现3 也重复，删除

    mysql> select * from t;
    +---+---+
    | a | b |
    +---+---+
    | 3 | 1 |
    | 2 | 3 |
    +---+---+
    2 rows in set (0.00 sec)

    mysql>

    // 如果有一个重复 会停止执行该sql
    mysql> begin;insert into t values (2,3) on duplicate key update a = a+10,b=3;
    Query OK, 0 rows affected (0.00 sec)

    ERROR 1062 (23000): Duplicate entry '12' for key 'PRIMARY'

## delete

```
mysql> delete from y where a = 1;
Query OK, 2 rows affected (0.25 sec)

mysql> delete from y where a in (3,5);
Query OK, 2 rows affected (0.00 sec)

//删除在x表中 但是不在y表中的数据
mysql> delete from x where a not in (select a from y);
Query OK, 4 rows affected (0.02 sec)

mysql> select * from x;
+------+------+
| a    | b    |
+------+------+
|    2 |    3 |
+------+------+
1 row in set (0.00 sec)

mysql> select * from y;
+------+------+
| a    | b    |
+------+------+
|    2 |    3 |
+------+------+
1 row in set (0.00 sec)


//多表删除
mysql > delete x,y from x left join y on x.a = y.a where y.a is null;
```

## update

```
mysql> update x set a = a + 1 where a = 5;

mysql> select * from x;
+------+------+
| a    | b    |
+------+------+
|    2 |    3 |
|    1 |    2 |
+------+------+
2 rows in set (0.00 sec)

// 小知识点 
// 后边的 b = a + 10 中的 a 是 前面的 a = a + 1 计算之后的结果。
mysql> update x set a = a + 1 ,b = a + 10 where a = 1;
Query OK, 1 row affected (0.08 sec)
Rows matched: 1  Changed: 1  Warnings: 0

mysql> select * from x;
+------+------+
| a    | b    |
+------+------+
|    2 |    3 |
|    2 |   12 |
+------+------+
2 rows in set (0.00 sec)


mysql> select @a:=@a+1,a,b,@a:=@a+1 from x,(select @a:=0) a;
+----------+------+------+----------+
| @a:=@a+1 | a    | b    | @a:=@a+1 |
+----------+------+------+----------+
|        1 |    2 |    3 |        2 |
|        3 |    2 |   12 |        4 |
|        5 |    4 |    2 |        6 |
|        7 |    4 |    6 |        8 |
|        9 |   67 |   26 |       10 |
+----------+------+------+----------+
5 rows in set (0.02 sec)

mysql>
```



