# MySQL 全文索引 & 地理空间索引
## 全文索引
1. 搜索引擎的实现核心技术，搜索类似于 where col like '%xxx%';
2. 首先需要通过分词进行词语的提取
3. 支持VARCHAR TEXT CHAR等类型上创建全文索引
4. MySQL 5.6版本之前只有MyISAM支持全文索引
5. MySQL 5.6版本InnoDB引擎支持全文索引，但是只支持英文
6. MySQL 5.7版本支持中文、日文的全文索引（真正生产环境可用）
7. 目前一张表只能有一个全文索引
8. 添加全文索引时，表是只读的，不可写入与更新

```
(root@localhost)[test]> show create table t;
+-------+--------------------------------------------------------------------------------------------------------------------------------------------------------------------------------+
| Table | Create Table                                                                                                                                                                   |
+-------+--------------------------------------------------------------------------------------------------------------------------------------------------------------------------------+
| t     | CREATE TABLE `t` (
  `a` int(11) DEFAULT NULL,
  `b` int(11) DEFAULT NULL,
  `c` varchar(255) DEFAULT NULL,
  UNIQUE KEY `idx_b` (`b`)
) ENGINE=InnoDB DEFAULT CHARSET=utf8mb4 |
+-------+--------------------------------------------------------------------------------------------------------------------------------------------------------------------------------+
1 row in set (0.00 sec)

(root@localhost)[test]>
(root@localhost)[test]>

//alter table tablename add fulltext index 
(root@localhost)[test]> alter table t add fulltext index idx_c(c);
Query OK, 0 rows affected, 1 warning (0.36 sec)
Records: 0  Duplicates: 0  Warnings: 1

(root@localhost)[test]> show create table t;
+-------+--------------------------------------------------------------------------------------------------------------------------------------------------------------------------------------------------------------+
| Table | Create Table                                                                                                                                                                                                 |
+-------+--------------------------------------------------------------------------------------------------------------------------------------------------------------------------------------------------------------+
| t     | CREATE TABLE `t` (
  `a` int(11) DEFAULT NULL,
  `b` int(11) DEFAULT NULL,
  `c` varchar(255) DEFAULT NULL,
  UNIQUE KEY `idx_b` (`b`),
  FULLTEXT KEY `idx_c` (`c`)
) ENGINE=InnoDB DEFAULT CHARSET=utf8mb4 |
+-------+--------------------------------------------------------------------------------------------------------------------------------------------------------------------------------------------------------------+
1 row in set (0.01 sec)

```

### 查询语法
#### natural language mode
```
(root@localhost)[test]> insert into t values (1,1,'english people');
Query OK, 1 row affected (0.01 sec)

(root@localhost)[test]> insert into t values (1,2,'english chinese people');
Query OK, 1 row affected (0.00 sec)

(root@localhost)[test]> select * from t where match(c) against ('chinese' in natural language mode);
+------+------+------------------------+
| a    | b    | c                      |
+------+------+------------------------+
|    1 |    2 | english chinese people |
+------+------+------------------------+
1 row in set (0.00 sec)

```

####  boolean mode

```
(root@localhost)[test]> select * from t where match(c) against ('+ english - chinese' in boolean mode);
+------+------+----------------+
| a    | b    | c              |
+------+------+----------------+
|    1 |    1 | english people |
+------+------+----------------+
1 row in set (0.00 sec)

```
#### with query expansion


### 相关性
```
(root@localhost)[test]> select *,match(c) against ('chinese' in natural language mode) as c from t where match(c) against ('chinese' in natural language mode);
+------+------+------------------------+--------------------+
| a    | b    | c                      | c                  |
+------+------+------------------------+--------------------+
|    1 |    2 | english chinese people | 0.0906190574169159 |
+------+------+------------------------+--------------------+
1 row in set (0.00 sec)

(root@localhost)[test]> select *,match(c) against ('chinese' in natural language mode) as c from t where match(c) against ('people' in natural language mode);
+------+------+------------------------+--------------------+
| a    | b    | c                      | c                  |
+------+------+------------------------+--------------------+
|    1 |    1 | english people         |                  0 |
|    1 |    2 | english chinese people | 0.0906190574169159 |
+------+------+------------------------+--------------------+
2 rows in set (0.03 sec)

(root@localhost)[test]> select *,match(c) against ('people' in natural language mode) as c from t where match(c) against ('people' in natural language mode);
+------+------+------------------------+----------------------------+
| a    | b    | c                      | c                          |
+------+------+------------------------+----------------------------+
|    1 |    1 | english people         | 0.000000001885928302414186 |
|    1 |    2 | english chinese people | 0.000000001885928302414186 |
+------+------+------------------------+----------------------------+
2 rows in set (0.00 sec)

```

## 地理空间索引
1. MySQL 5.7版本之前仅MyISAM支持地理空间索引
2. MySQL 5.7版本InnoDB支持地理空间索引