# MySQL触发器
1. 一触即发
2. 当表上出现特定的事件时触发该程序执行
3. UPDATE / DELETE / INSERT
4. 相关权限 TRIGGER

|INSERT|DELETE|UPDATE|
|:--|:--|:--|
|INSERT / LOAD DATA/ REPLACE| DELETE / REPLACE |UPDATE|

### 注意：
1. 5.6 一个类型的触发器只允许有一个
2. 5.7 允许多个同一类型的触发器
3. DROP TABLE / TRUNCATE TABLE / DROP A PARTITION 均不会触发触发器的执行
4. 对于事务表，触发器执行失败则整个事务回滚
5. Row格式主从复制，触发器不会在从库执行
6. 使用触发器应该防止使用递归

```
(root@localhost)[test]> CREATE TABLE `stu` ( `name` varchar(50) , `course` varchar(50), `score` int(11), PRIMARY KEY (`name`)
    -> ) ENGINE=InnoDB ;
Query OK, 0 rows affected (0.25 sec)

(root@localhost)[test]> delimiter //
(root@localhost)[test]> CREATE TRIGGER trg_upd_score BEFORE UPDATE ON `stu`
    -> FOR EACH ROW
    -> BEGIN
    -> IF NEW.score < 0 THEN
    -> SET NEW.score = 0;
    -> ELSEIF NEW.score > 100 THEN
    -> SET NEW.score = 100;
    -> END IF;
    -> END;//
Query OK, 0 rows affected (0.11 sec)

(root@localhost)[test]> delimiter ;

//由于是update触发器，所以可以写入101的值
(root@localhost)[test]> insert into stu(name,score) values ('alex',101);
Query OK, 1 row affected (0.00 sec)

(root@localhost)[test]> select * from stu;
+------+--------+-------+
| name | course | score |
+------+--------+-------+
| alex | NULL   |   101 |
+------+--------+-------+
1 row in set (0.01 sec)

(root@localhost)[test]> select * from stu;
+------+--------+-------+
| name | course | score |
+------+--------+-------+
| alex | NULL   |   101 |
+------+--------+-------+
1 row in set (0.00 sec)

//被触发器修改成了100
(root@localhost)[test]> update stu set score = 102 where name = 'alex';
Query OK, 1 row affected (0.02 sec)
Rows matched: 1  Changed: 1  Warnings: 0

(root@localhost)[test]> select * from stu;
+------+--------+-------+
| name | course | score |
+------+--------+-------+
| alex | NULL   |   100 |
+------+--------+-------+
1 row in set (0.00 sec)
```

### 物化视图

### create-event
```
https://dev.mysql.com/doc/refman/5.7/en/create-event.html

yahoo开源的MySQL分区管理器
https://github.com/yahoo/mysql_partition_manager

```
